"DATE","GEOID","GEO","NAME","POSITIVE","POS_NEW","POS_7DAYAVG","NEGATIVE","NEG_NEW","NEG_7DAYAVG","DEATHS","DTH_NEW","DTH_7DAYAVG","TEST_NEW","TEST_7DAYAVG","HOSP_YES","HOSP_NO","HOSP_UNK","POS_FEM","POS_MALE","POS_OTH","POS_0_9","POS_10_19","POS_20_29","POS_30_39","POS_40_49","POS_50_59","POS_60_69","POS_70_79","POS_80_89","POS_90","DTHS_FEM","DTHS_MALE","DTHS_OTH","DTHS_0_9","DTHS_10_19","DTHS_20_29","DTHS_30_39","DTHS_40_49","DTHS_50_59","DTHS_60_69","DTHS_70_79","DTHS_80_89","DTHS_90","POS_AIAN","POS_ASN","POS_BLK","POS_WHT","POS_MLTOTH","POS_UNK","POS_E_HSP","POS_E_NHSP","POS_E_UNK","DTH_AIAN","DTH_ASN","DTH_BLK","DTH_WHT","DTH_MLTOTH","DTH_UNK","DTH_E_HSP","DTH_E_NHSP","DTH_E_UNK","POS_HC_Y","POS_HC_N","POS_HC_UNK","IP_Y_0_9","IP_Y_10_19","IP_Y_20_29","IP_Y_30_39","IP_Y_40_49","IP_Y_50_59","IP_Y_60_69","IP_Y_70_79","IP_Y_80_89","IP_Y_90","IP_N_0_9","IP_N_10_19","IP_N_20_29","IP_N_30_39","IP_N_40_49","IP_N_50_59","IP_N_60_69","IP_N_70_79","IP_N_80_89","IP_N_90","IP_U_0_9","IP_U_10_19","IP_U_20_29","IP_U_30_39","IP_U_40_49","IP_U_50_59","IP_U_60_69","IP_U_70_79","IP_U_80_89","IP_U_90","IC_YES","IC_Y_0_9","IC_Y_10_19","IC_Y_20_29","IC_Y_30_39","IC_Y_40_49","IC_Y_50_59","IC_Y_60_69","IC_Y_70_79","IC_Y_80_89","IC_Y_90","OBJECTID"
2020-12-11,"55","State","WI",429957,3858,3628.86,2231765,7187,7349.29,3991,47,52.29,11045,10978.14,19020,227650,183287,220141,208930,885,16132,48461,83843,67286,61361,65855,46482,24149,11881,4507,1814,2168,9,0,0,14,30,74,220,520,1011,1263,859,5570,9534,29403,323685,25591,36174,47150,310432,72375,58,71,315,3342,71,134,257,3466,268,15989,127059,286909,157,304,908,1131,1403,2591,3825,4307,3258,1136,10251,26518,43671,35860,33242,35706,24902,11435,4530,1535,5724,21639,39264,30295,26716,27558,17755,8407,4093,1836,1916,13,13,51,68,165,306,493,463,272,72,546720
2020-12-10,"55","State","WI",426099,4034,3770.14,2224578,8521,7801.14,3944,57,54.57,12555,11571.29,18875,225388,181836,218180,207036,882,15969,48052,83217,66652,60800,65284,46027,23904,11752,4442,1795,2140,9,0,0,14,30,73,217,518,993,1249,850,5486,9441,29145,320567,25475,35985,46792,307426,71881,58,71,315,3300,70,130,257,3429,258,15974,127005,283120,156,305,904,1127,1400,2576,3798,4261,3218,1130,10147,26263,43309,35470,32900,35351,24644,11312,4478,1514,5666,21484,39004,30055,26500,27357,17585,8331,4056,1798,1902,13,13,50,67,164,305,493,457,270,70,554010
2020-12-09,"55","State","WI",422065,3619,3853.57,2216057,8107,7634.43,3887,81,55,11726,11488,18715,223084,180266,216160,205025,879,15778,47565,82561,66044,60207,64628,45587,23650,11641,4404,1769,2109,9,0,0,14,30,72,213,511,979,1230,838,5431,9355,28866,317457,25275,35681,46412,304391,71262,56,71,314,3248,70,128,255,3378,254,15962,126948,279155,156,299,898,1121,1389,2559,3768,4222,3188,1115,10028,25975,42942,35143,32534,34972,24381,11190,4423,1496,5594,21291,38721,29780,26284,27097,17438,8238,4030,1793,1897,13,12,50,67,164,306,491,455,269,70,550655
2020-12-08,"55","State","WI",418446,4114,3876.14,2207950,5477,7362.86,3806,68,55.14,9591,11239,18500,220855,179091,214305,203275,865,15623,47207,81953,65468,59642,64028,45207,23419,11530,4368,1728,2070,8,0,0,14,30,71,209,503,959,1198,822,5397,9265,28545,314625,25112,35502,46099,301612,70735,55,70,308,3187,70,116,252,3319,235,15947,126874,275625,155,294,891,1114,1380,2536,3737,4167,3135,1091,9909,25744,42571,34762,32203,34582,24169,11073,4362,1479,5559,21169,38491,29592,26059,26910,17301,8179,4033,1798,1889,13,12,50,67,164,306,488,452,268,69,538851
2020-12-07,"55","State","WI",414332,2155,3871,2202473,5751,7496.71,3738,19,60.71,7906,11367.71,18286,218113,177933,212180,201298,853,15425,46757,81304,64800,59074,63377,44692,23202,11412,4289,1695,2035,8,0,0,14,30,71,202,498,942,1176,805,5325,9143,28293,311396,24901,35274,45679,298525,70128,53,69,302,3123,69,122,247,3254,237,15928,126811,271593,154,294,880,1103,1370,2507,3694,4124,3093,1067,9745,25408,42126,34292,31806,34151,23855,10954,4322,1454,5526,21055,38298,29405,25898,26719,17143,8124,3997,1768,1882,13,12,50,67,164,304,486,451,266,69,544801
2020-12-06,"55","State","WI",412177,2791,3925.14,2196722,7773,7561.71,3719,17,58.86,10564,11486.86,18216,217106,176855,210995,200338,843,15293,46505,80927,64443,58803,63083,44451,23056,11359,4257,1685,2026,8,0,0,14,30,70,202,497,937,1170,799,5302,9077,28109,309837,24761,35091,45451,296993,69733,53,69,302,3103,69,123,246,3237,236,15921,126785,269471,154,293,874,1102,1362,2497,3683,4108,3082,1061,9680,25277,41938,34132,31665,34017,23744,10904,4301,1448,5459,20935,38115,29209,25776,26569,17024,8044,3976,1748,1880,13,12,50,67,164,304,485,450,266,69,154772
2020-12-05,"55","State","WI",409386,4831,4073.71,2188949,8629,7262.71,3702,77,59.57,13460,11336.43,18126,215831,175429,209543,199002,840,15134,46211,80447,64012,58420,62703,44108,22863,11271,4217,1675,2019,8,0,0,14,30,69,202,495,931,1168,793,5291,9024,27916,307749,24592,34814,45210,294988,69188,53,68,301,3091,69,120,246,3222,234,15918,126739,266729,152,293,870,1097,1355,2492,3659,4090,3062,1056,9596,25130,41727,33930,31511,33834,23570,10830,4269,1434,5386,20788,37850,28985,25554,26377,16879,7943,3940,1727,1879,12,12,50,67,164,304,485,450,266,69,534903
2020-12-04,"55","State","WI",404555,4847,4102.57,2180320,10350,6660,3625,63,52.57,15197,10762.57,17943,213194,173418,207089,196638,827,14920,45636,79670,63229,57741,61891,43606,22610,11104,4148,1643,1974,8,0,0,14,30,67,202,483,917,1136,776,5243,8882,27569,304004,24327,34530,44755,291387,68413,51,67,298,3023,67,119,244,3143,238,15902,126657,261996,151,291,863,1091,1349,2462,3632,4048,3020,1036,9456,24789,41262,33479,31112,33436,23309,10730,4212,1409,5313,20556,37545,28659,25280,25993,16665,7832,3872,1703,1865,12,12,50,67,162,302,481,448,262,69,526715
2020-12-03,"55","State","WI",399708,4618,3595.86,2169970,7354,6395.43,3562,60,46,11972,9991.29,17741,210541,171426,204568,194319,820,14688,45107,78874,62399,57001,61149,43075,22351,10982,4082,1622,1933,7,0,0,14,29,65,195,476,902,1121,760,5180,8733,27216,300398,24039,34142,44338,287831,67539,51,67,294,2967,67,116,239,3087,236,15807,125955,257946,149,285,851,1077,1330,2433,3596,3999,2992,1029,9313,24498,40836,33026,30704,33018,23039,10576,4155,1376,5226,20324,37187,28296,24967,25698,16440,7776,3835,1677,1853,12,12,50,67,161,299,480,444,259,69,526101
2020-12-02,"55","State","WI",395090,3777,3664,2162616,6206,6581,3502,82,46.29,9983,10245,17569,207918,169603,202282,192003,804,14483,44557,78041,61593,56349,60502,42545,22087,10898,4035,1593,1902,7,0,0,14,28,65,191,472,884,1095,753,5102,8576,26921,296871,23732,33888,43881,284353,66856,50,65,295,2916,64,112,235,3045,222,15685,125064,254341,148,281,845,1072,1320,2405,3548,3961,2966,1023,9186,24204,40395,32589,30303,32620,22739,10431,4105,1346,5149,20072,36801,27932,24726,25477,16258,7695,3827,1666,1835,12,12,49,67,161,293,474,441,257,69,519578
2020-12-01,"55","State","WI",391313,4078,3905.71,2156410,6414,7379.14,3420,107,43.57,10492,11284.86,17372,205358,168583,200305,190207,800,14357,44193,77391,60944,55746,59946,42103,21874,10763,3996,1552,1861,7,0,0,14,28,65,189,466,861,1070,727,5051,8487,26644,294013,23536,33582,43564,281513,66236,49,65,291,2837,64,114,234,2964,222,15540,124118,251655,147,278,842,1064,1311,2378,3511,3918,2921,1002,9096,23940,39949,32136,29923,32176,22498,10296,4033,1311,5114,19975,36600,27744,24512,25392,16094,7660,3809,1683,1824,12,12,49,67,160,293,469,439,254,69,211521
2020-11-30,"55","State","WI",387235,2534,4209.14,2149996,6206,7935.43,3313,6,43.14,8740,12144.57,17095,202565,167575,198247,188187,800,14228,43815,76707,60309,55165,59243,41611,21625,10611,3921,1501,1804,8,0,0,14,28,64,181,454,837,1036,699,4997,8393,26357,290893,23357,33238,43216,278488,65531,48,62,289,2746,59,109,230,2876,207,15404,123075,248756,146,274,838,1050,1304,2344,3456,3846,2860,977,8975,23602,39473,31682,29499,31710,22177,10154,3996,1297,5107,19939,36396,27577,24362,25189,15978,7625,3755,1647,1808,12,12,49,67,158,290,466,433,252,69,215444
2020-11-29,"55","State","WI",384701,3831,4289.29,2143790,5680,8362.57,3307,22,43.14,9511,12651.86,16999,201133,166569,196900,187010,790,14120,43515,76321,59930,54812,58833,41342,21445,10499,3884,1498,1801,8,0,0,14,27,64,181,453,836,1034,698,4980,8327,26196,288940,23245,33013,43023,276635,65043,47,62,289,2742,58,109,229,2874,204,15347,122624,246730,146,273,834,1045,1303,2335,3440,3815,2840,968,8895,23411,39271,31463,29268,31484,22014,10072,3965,1290,5079,19831,36216,27422,24241,25014,15888,7558,3694,1626,1801,12,12,49,67,158,288,464,430,252,69,515857
2020-11-28,"55","State","WI",380870,5033,4243,2138110,4410,9178.57,3285,28,40,9443,13421.57,16882,199325,164663,194892,185198,779,13950,43065,75703,59309,54249,58285,40901,21201,10385,3822,1489,1788,8,0,0,14,27,63,179,452,830,1024,696,4942,8222,25894,286112,23030,32670,42638,273820,64412,47,61,288,2724,57,108,229,2856,200,15278,122043,243549,145,273,826,1039,1297,2322,3416,3790,2817,957,8792,23193,38986,31180,29005,31229,21779,9969,3922,1270,5013,19599,35891,27090,23947,24734,15706,7442,3646,1595,1797,12,12,49,67,156,287,464,430,251,69,504860
2020-11-27,"55","State","WI",375837,1300,4413.14,2133700,8498,10215.57,3257,17,43.29,9798,14628.71,16715,196876,162246,192242,182831,763,13667,42473,74848,58612,53547,57597,40328,20852,10181,3732,1470,1779,8,0,0,14,27,62,177,448,828,1019,682,4887,8075,25534,282319,22733,32289,42170,270155,63512,47,61,286,2696,58,109,228,2827,202,15189,121381,239267,142,272,822,1035,1287,2300,3382,3743,2786,946,8628,22901,38561,30823,28644,30873,21519,9821,3860,1246,4897,19300,35465,26754,23616,24424,15427,7288,3535,1540,1788,11,12,49,67,155,286,463,428,249,68,509084
2020-11-26,"55","State","WI",374537,5095,5152.14,2125202,8653,10810.86,3240,62,52,13748,15963,16658,196398,161481,191564,182211,761,13612,42312,74624,58404,53351,57401,40178,20781,10154,3720,1460,1773,7,0,0,14,27,61,176,444,825,1013,680,4871,8025,25387,281465,22649,32140,42033,269274,63230,47,61,285,2679,60,108,227,2807,206,15178,121255,238104,142,270,820,1031,1285,2289,3370,3732,2777,942,8608,22852,38462,30747,28576,30789,21468,9799,3853,1244,4862,19190,35342,26626,23490,24323,15340,7250,3524,1534,1788,11,12,49,67,155,286,463,428,249,68,501613
2020-11-25,"55","State","WI",369442,5469,5372.14,2116549,11793,11372.57,3178,63,55,17262,16744.71,16457,193306,159679,188937,179748,756,13381,41808,73732,57621,52583,56611,39613,20472,9980,3641,1427,1745,6,0,0,14,27,61,174,434,811,991,666,4798,7884,24942,277453,22514,31851,41456,265334,62652,46,60,283,2624,59,106,222,2754,202,15031,120162,234249,141,267,813,1021,1268,2268,3319,3695,2741,924,8460,22534,37907,30276,28122,30275,21106,9623,3778,1225,4780,19007,35012,26324,23193,24068,15188,7154,3461,1492,1781,11,12,49,67,154,286,461,426,247,68,497771
2020-11-24,"55","State","WI",363973,6202,5732.14,2104756,10308,11422.14,3115,104,53.43,16510,17154.29,16209,190327,157437,186303,176920,749,13188,41261,72691,56724,51790,55755,39032,20145,9823,3564,1400,1709,6,0,0,14,26,61,172,425,793,976,648,4751,7735,24432,273245,22247,31563,40950,261273,61750,38,60,283,2574,58,102,218,2711,186,14853,119087,230033,139,261,805,1010,1253,2248,3262,3634,2692,905,8320,22166,37396,29803,27668,29814,20771,9460,3728,1201,4729,18834,34490,25911,22869,23693,14999,7051,3403,1458,1767,10,12,49,65,154,285,456,423,244,69,460216
2020-11-23,"55","State","WI",357771,3095,5859,2094448,9196,12185.71,3011,6,51.71,12291,18044.71,15930,186618,155223,183020,174029,721,12878,40536,71708,55826,50896,54885,38261,19715,9591,3475,1342,1663,6,0,0,14,26,58,169,417,768,939,620,4655,7545,24032,268510,21896,31133,40332,256785,60654,38,58,279,2480,55,101,212,2619,180,14683,117838,225250,138,259,793,999,1234,2220,3208,3548,2642,889,8125,21724,36786,29230,27150,29253,20338,9246,3614,1152,4615,18553,34129,25597,22512,23412,14715,6921,3335,1434,1754,10,12,49,65,154,282,454,418,243,67,489369
2020-11-22,"55","State","WI",354676,3507,6043.86,2085252,11392,12001.86,3005,0,52.57,14899,18045.71,15823,185223,153630,181448,172507,720,12745,40160,71161,55338,50469,54424,37940,19506,9503,3430,1341,1658,6,0,0,14,26,58,169,417,766,935,620,4627,7448,23753,266292,21668,30888,40009,254588,60079,38,58,279,2475,54,101,212,2615,178,14597,117285,222794,137,254,785,994,1232,2208,3180,3520,2628,885,8048,21533,36546,29024,26956,29052,20183,9161,3584,1136,4560,18373,33830,25320,22281,23164,14577,6825,3291,1409,1747,10,12,49,65,153,282,452,414,243,67,480031
2020-11-21,"55","State","WI",351169,6224,6408.29,2073860,11669,12077.14,3005,51,54.29,17893,18485.43,15734,183711,151724,179638,170816,715,12582,39782,70527,54808,49947,53905,37509,19309,9395,3405,1341,1658,6,0,0,13,26,58,167,417,765,939,620,4585,7366,23576,263720,21422,30500,39684,252025,59460,38,58,279,2475,54,101,212,2615,178,14528,116710,219931,137,252,778,988,1226,2198,3160,3504,2608,883,7968,21371,36262,28801,26742,28834,19973,9081,3548,1131,4477,18159,33487,25019,21979,22873,14376,6724,3239,1391,1742,10,12,49,65,153,282,449,413,242,67,486468
2020-11-20,"55","State","WI",344945,6473,6254.29,2062191,12665,12382.71,2954,78,54.43,19138,18637,15526,180395,149024,176507,167736,702,12310,39074,69480,53770,49064,52900,36852,18939,9225,3331,1315,1633,6,0,0,13,26,58,165,411,752,917,612,4499,7230,23107,259055,21068,29986,39132,247437,58376,37,58,276,2435,51,97,211,2568,175,14369,115509,215067,135,247,770,976,1209,2168,3108,3459,2579,875,7779,20958,35742,28254,26296,28314,19608,8880,3467,1097,4396,17869,32968,24540,21559,22418,14136,6600,3179,1359,1729,11,12,49,65,152,280,443,410,240,67,478676
2020-11-19,"55","State","WI",338472,6635,6440.57,2049526,12585,12106.71,2876,83,51.57,19220,18547.29,15336,176930,146206,173099,164696,677,12025,38339,68422,52774,48153,51882,36069,18509,9036,3263,1284,1587,5,0,0,13,26,58,162,401,735,885,596,4430,7071,22685,254071,20681,29534,38526,242636,57310,37,58,276,2356,53,96,209,2497,170,14202,114214,210056,132,245,765,969,1199,2148,3070,3405,2542,861,7601,20503,35180,27733,25815,27741,19221,8666,3398,1072,4292,17591,32477,24072,21139,21993,13778,6438,3096,1330,1715,11,12,49,64,151,278,440,408,235,67,468060
2020-11-18,"55","State","WI",331837,7989,6563.71,2036941,12140,12439,2793,52,48,20129,19002.71,15100,173233,143504,169684,161475,678,11777,37631,67346,51652,47078,50833,35326,18111,8876,3206,1253,1535,5,0,0,13,25,58,155,393,714,857,578,4360,6919,22387,248879,20336,28956,37959,237756,56122,36,58,275,2290,49,85,207,2438,148,14048,112805,204984,131,243,758,966,1189,2120,3012,3350,2496,835,7433,20082,34528,27180,25247,27160,18785,8461,3309,1048,4213,17306,32060,23506,20642,21553,13529,6300,3071,1323,1706,11,12,49,64,150,276,436,408,233,67,471371
2020-11-17,"55","State","WI",323848,7090,6429.29,2024801,15653,12193.86,2741,92,49.43,22743,18623.14,14817,169226,139805,165523,157655,670,11447,36829,66044,50377,45757,49475,34492,17668,8652,3107,1232,1503,6,0,0,13,25,57,153,385,699,842,567,4271,6741,22022,242506,19995,28313,37386,231657,54805,34,56,274,2250,49,78,204,2398,139,13850,111292,198706,126,237,754,958,1167,2088,2959,3278,2440,810,7246,19572,33863,26543,24655,26522,18348,8257,3203,1017,4075,17020,31427,22876,19935,20865,13185,6133,3009,1280,1688,10,12,49,64,148,274,432,404,229,66,465340
2020-11-16,"55","State","WI",316758,4389,6426.86,2009148,7909,11804.29,2649,12,45.71,12298,18231.14,14499,165026,137233,161843,154253,662,11149,36042,64812,49279,44761,48380,33655,17253,8401,3025,1192,1451,6,0,0,13,24,55,152,376,672,809,548,4179,6593,21655,236968,19722,27641,36856,226463,53439,31,56,273,2165,49,75,200,2320,129,13672,109850,193236,125,232,745,947,1155,2046,2873,3200,2381,795,7028,19010,33138,25922,24084,25869,17849,8026,3117,983,3996,16800,30929,22410,19522,20465,12933,6027,2903,1247,1666,10,12,48,64,145,272,424,400,226,65,454058
2020-11-15,"55","State","WI",312369,6058,6422.71,2001239,11919,12062.57,2637,12,46.43,17977,18485.29,14381,163285,134703,159539,152175,655,10977,35527,64104,48530,44164,47744,33102,16965,8284,2972,1187,1444,6,0,0,13,24,55,152,373,668,805,547,4154,6505,21410,233668,19436,27196,36490,223263,52616,30,56,273,2158,47,73,199,2313,125,13601,109231,189537,124,229,739,942,1150,2034,2854,3168,2354,787,6941,18786,32844,25676,23845,25619,17613,7923,3069,969,3912,16512,30521,21912,19169,20091,12635,5874,2861,1216,1665,10,12,48,64,145,272,424,399,226,65,445906
2020-11-14,"55","State","WI",306311,5146,6168.71,1989320,13808,11571.43,2625,52,46.29,18954,17740.14,14226,160561,131524,156416,149251,644,10720,34828,63009,47608,43328,46761,32403,16637,8108,2909,1178,1441,6,0,0,13,24,55,152,371,665,801,544,4087,6387,21097,229044,19100,26596,35961,218867,51483,30,56,273,2149,46,71,199,2303,123,13503,108364,184444,122,227,732,930,1139,2015,2826,3132,2325,778,6788,18446,32409,25278,23468,25208,17243,7758,3017,946,3810,16155,29868,21400,18721,19538,12334,5747,2766,1185,1652,10,12,47,64,144,271,418,398,223,65,450335
2020-11-13,"55","State","WI",301165,7777,6442.86,1975512,10733,11293.57,2573,58,45.29,18510,17736.43,14045,157252,129868,153773,146779,613,10523,34140,62136,46803,42593,45878,31913,16378,7958,2843,1148,1421,4,0,0,12,24,54,150,363,648,789,533,3985,6295,20850,224967,18836,26232,35509,214946,50710,28,55,271,2104,46,69,197,2257,119,13340,107103,180722,118,226,728,921,1125,1992,2796,3092,2286,761,6614,18060,31848,24805,22999,24674,16877,7552,2913,910,3791,15854,29560,21077,18469,19212,12240,5734,2759,1172,1637,10,12,46,64,143,270,416,392,219,65,439011
2020-11-12,"55","State","WI",293388,7497,6209.14,1964779,14911,11852.29,2515,58,45.86,22408,18061.43,13771,152973,126644,149712,143097,579,10239,33274,60760,45611,41468,44653,30970,15913,7728,2772,1125,1386,4,0,0,12,24,52,146,355,633,771,522,3875,6155,20441,218783,18515,25619,34986,208996,49406,28,55,269,2049,46,68,195,2207,113,13170,105637,174581,114,224,721,909,1112,1957,2741,3011,2236,746,6407,17509,31121,24139,22378,24037,16368,7310,2817,887,3718,15541,28918,20563,17978,18659,11861,5592,2675,1139,1625,10,12,46,63,143,270,414,385,217,65,435977
2020-11-11,"55","State","WI",285891,7048,5984.14,1949868,10424,11081.86,2457,62,43,17472,17066,13507,149117,123267,145862,139466,563,9951,32420,59480,44419,40336,43538,30114,15437,7505,2691,1089,1364,4,0,0,12,24,52,145,348,621,750,505,3781,6012,19999,212991,18132,24976,34423,203450,48018,27,55,268,1993,45,69,190,2157,110,12971,104303,168617,114,222,712,898,1095,1920,2683,2952,2186,725,6226,17039,30468,23495,21811,23456,15940,7097,2735,850,3611,15159,28300,20026,17430,18162,11491,5388,2584,1116,1617,10,12,46,63,143,269,411,382,216,65,421375
2020-11-10,"55","State","WI",278843,7073,5825.14,1939444,12926,11068.86,2395,66,41.86,19999,16894,13230,145466,120147,142230,136064,549,9660,31610,58265,43408,39290,42429,29309,14987,7276,2609,1067,1326,2,0,0,13,24,51,141,342,606,728,490,3696,5869,19732,207432,17747,24367,33768,198283,46792,27,54,268,1940,42,64,188,2106,101,12787,102917,163139,113,218,704,887,1089,1888,2619,2882,2130,700,6043,16589,29868,22936,21228,22867,15557,6899,2663,816,3504,14803,27693,19585,16973,17674,11133,5206,2483,1093,1590,10,12,46,61,143,265,404,375,210,64,433720
2020-11-09,"55","State","WI",271770,4360,5639.14,1926518,9717,11414.29,2329,17,39.86,14077,17053.43,12939,142005,116826,138526,132716,528,9401,30866,56937,42301,38342,41328,28480,14548,7054,2513,1036,1291,2,0,0,13,23,50,135,336,588,708,476,3588,5734,19307,201884,17353,23904,33139,193139,45492,26,54,263,1879,42,65,187,2039,103,12616,101469,157685,112,214,693,879,1079,1853,2562,2801,2067,679,5881,16188,29288,22406,20743,22315,15116,6693,2583,792,3408,14464,26956,19016,16520,17160,10802,5054,2404,1042,1575,10,11,46,61,142,264,402,370,205,64,429938
2020-11-08,"55","State","WI",267410,4280,5506.71,1916801,8481,10799.43,2312,11,37.86,12761,16306.14,12839,140278,114293,136276,130618,516,9202,30261,56127,41641,37774,40715,28010,14289,6925,2466,1029,1281,2,0,0,13,23,50,135,332,585,703,471,3549,5623,19043,198572,17130,23493,32817,190151,44442,26,54,262,1865,42,63,187,2023,102,12544,100857,154009,110,212,690,871,1071,1842,2542,2783,2052,666,5796,15957,29006,22143,20499,22046,14943,6580,2530,778,3296,14092,26431,18627,16204,16827,10525,4926,2343,1022,1572,10,11,46,61,141,264,402,368,205,64,413889
2020-11-07,"55","State","WI",263130,7065,5394.29,1908320,11863,11669.14,2301,45,38.57,18928,17063.43,12727,138545,111858,134033,128596,501,9010,29650,55318,41043,37180,40113,27527,14041,6817,2431,1023,1276,2,0,0,13,21,50,135,331,584,698,469,3511,5544,18879,195327,16883,22986,32438,187155,43537,26,52,261,1858,42,62,187,2014,100,12418,100113,150599,109,212,686,860,1062,1832,2523,2750,2028,665,5693,15705,28707,21919,20228,21783,14747,6489,2503,771,3208,13733,25925,18264,15890,16498,10257,4802,2286,995,1570,10,11,46,61,141,264,401,368,204,64,270096
2020-11-06,"55","State","WI",256065,6141,5139,1896457,14644,11342.29,2256,62,40.57,20785,16481.29,12554,135481,108030,130384,125191,490,8744,28883,53989,39886,36184,39015,26725,13692,6608,2339,1007,1247,2,0,0,14,21,50,134,329,570,681,457,3378,5389,18501,189911,16562,22324,31862,182226,41977,26,51,260,1818,42,59,187,1968,101,12262,98926,144877,109,209,681,853,1050,1806,2494,2714,1989,649,5533,15385,28160,21438,19728,21331,14403,6335,2428,740,3102,13289,25148,17595,15406,15878,9828,4643,2191,950,1557,10,11,46,61,141,260,399,364,201,64,268645
2020-11-05,"55","State","WI",249924,5922,4989.71,1881813,9518,11192.57,2194,38,35.14,15440,16182.29,12310,132487,105127,127215,122244,465,8500,28233,52877,38887,35201,38054,26087,13363,6441,2281,983,1209,2,0,0,13,20,51,130,322,554,663,441,3282,5279,18138,185212,16220,21793,31378,177682,40864,26,51,259,1765,39,54,182,1911,101,12067,97612,140245,107,207,671,843,1044,1776,2439,2649,1944,630,5385,15041,27672,20958,19235,20831,14090,6194,2362,719,3008,12985,24534,17086,14922,15447,9558,4520,2135,932,1542,9,11,46,61,140,258,393,360,201,63,298216
2020-11-04,"55","State","WI",244002,5935,4839.43,1872295,10333,11019.14,2156,54,37,16268,15858.57,12087,129647,102268,124226,119332,444,8285,27606,51895,37952,34247,37063,25423,13023,6277,2231,969,1185,2,0,0,13,20,51,128,318,543,648,435,3195,5180,17839,180537,15965,21286,30908,173344,39750,26,49,258,1732,38,53,181,1880,95,11882,96337,135783,106,206,669,836,1032,1742,2402,2599,1878,617,5243,14714,27216,20490,18758,20413,13760,6053,2302,698,2936,12686,24010,16626,14457,14908,9261,4371,2097,916,1530,9,10,46,61,139,257,391,356,198,63,411055
2020-11-03,"55","State","WI",238067,5771,4536.57,1861962,15344,10400.57,2102,52,35.71,21115,14937.14,11844,126736,99487,121210,116421,436,8058,27054,50869,37012,33339,36074,24738,12669,6102,2152,942,1158,2,0,0,12,19,51,127,310,531,635,417,3089,5071,17521,175877,15671,20838,30474,169105,38488,26,47,257,1689,37,46,180,1837,85,11740,94945,131382,104,204,659,825,1019,1714,2349,2545,1831,594,5104,14400,26732,20048,18300,19950,13428,5875,2226,673,2850,12450,23478,16139,14020,14410,8961,4249,2045,885,1514,8,9,46,60,138,252,388,353,198,62,408331
2020-11-02,"55","State","WI",232296,3433,4463.86,1846618,5413,9818,2050,3,37.43,8846,14281.86,11597,124211,96488,118397,113488,411,7855,26439,49844,36043,32455,35220,24135,12327,5905,2073,922,1126,2,0,0,11,19,51,127,301,520,619,402,3007,4960,17145,171425,15352,20407,29961,164924,37411,25,47,255,1644,37,42,179,1799,72,11577,93596,127123,104,201,655,814,1003,1685,2295,2494,1780,566,4956,14082,26300,19656,17941,19566,13145,5739,2165,661,2795,12156,22889,15573,13511,13969,8695,4094,1960,846,1499,8,9,46,60,136,252,382,352,193,61,401751
2020-11-01,"55","State","WI",228863,3493,4385.29,1841205,14569,10454.14,2047,16,38.43,18062,14839.43,11497,122926,94440,116650,111818,395,7715,26074,49191,35475,31956,34699,23810,12115,5792,2036,920,1125,2,0,0,11,19,51,127,299,519,619,402,2970,4903,16938,168802,15178,20072,29640,162418,36805,25,47,255,1640,37,43,179,1797,71,11519,93041,124303,101,197,652,810,999,1674,2283,2466,1757,558,4892,13925,26070,19462,17775,19356,12990,5666,2133,657,2722,11952,22469,15203,13182,13669,8537,3983,1902,821,1491,8,9,46,60,136,250,378,351,192,61,400536
2020-10-31,"55","State","WI",225370,5278,4404.29,1826636,9575,9858,2031,59,37.29,14853,14262.29,11374,121323,92673,114784,110191,395,7574,25668,48615,34947,31472,34117,23389,11930,5678,1980,916,1113,2,0,0,11,19,51,128,297,512,612,401,2945,4840,16753,166116,14989,19727,29345,159881,36144,25,47,255,1623,37,44,179,1782,70,11430,92428,121512,99,195,648,802,990,1661,2256,2436,1737,550,4810,13711,25834,19234,17560,19067,12779,5592,2093,643,2665,11762,22133,14911,12922,13389,8354,3902,1848,787,1479,8,9,46,60,136,249,374,347,190,60,391074
2020-10-30,"55","State","WI",220092,5096,4230.57,1817061,13596,10427,1972,24,32.43,18692,14657.57,11145,118676,90271,112069,107626,397,7379,25078,47683,34150,30721,33290,22735,11635,5514,1907,886,1084,2,0,0,11,19,49,125,289,496,600,383,2886,4736,16443,162005,14714,19308,28884,155915,35293,25,47,255,1569,36,40,179,1734,59,11243,91134,117715,94,192,643,783,979,1632,2227,2378,1688,529,4699,13388,25361,18861,17148,18652,12441,5459,2047,620,2586,11498,21679,14506,12594,13006,8067,3798,1779,758,1463,8,9,46,59,134,245,372,344,187,59,394152
2020-10-29,"55","State","WI",214996,4870,4128,1803465,8304,10402.71,1948,51,35,13174,14530.71,11003,116298,87695,109463,105146,387,7226,24581,46837,33313,29925,32380,22128,11372,5364,1869,873,1073,2,0,0,11,19,49,123,287,491,589,379,2804,4639,16207,158114,14452,18780,28496,152309,34191,25,46,255,1550,36,36,177,1714,57,11089,90026,113881,94,191,636,781,972,1613,2196,2352,1651,517,4602,13167,24984,18461,16775,18217,12144,5351,1990,607,2530,11223,21217,14071,12178,12550,7788,3669,1723,745,1465,8,9,46,59,134,247,372,344,187,59,387733
2020-10-28,"55","State","WI",210126,3815,3919.86,1795161,6003,10942.43,1897,45,30.86,9818,14862.29,10810,113960,85356,106936,102805,385,7029,24063,46044,32533,29236,31614,21568,11062,5171,1805,847,1048,2,0,0,11,19,49,120,283,478,577,360,2725,4552,15867,154432,14222,18328,28134,148741,33251,24,46,252,1506,34,35,176,1659,62,10879,88828,110419,93,188,629,767,964,1587,2157,2297,1620,508,4492,12890,24631,18096,16451,17842,11850,5203,1922,583,2444,10985,20784,13670,11821,12185,7561,3562,1629,714,1453,8,9,46,59,134,242,369,342,185,59,376374
2020-10-27,"55","State","WI",206311,5262,3975.57,1789158,11266,10896.43,1852,64,31.29,16528,14872,10636,112047,83628,104987,100953,371,6893,23679,45412,31935,28662,30990,21112,10814,5052,1762,826,1024,2,0,0,12,18,49,118,282,463,564,346,2654,4486,15657,151477,13998,18039,27738,145915,32658,24,45,252,1458,33,40,175,1608,69,10707,87758,107846,91,187,623,763,949,1564,2118,2254,1588,499,4401,12674,24327,17804,16159,17510,11638,5082,1882,570,2401,10818,20462,13368,11554,11916,7356,3478,1582,693,1442,8,9,45,59,133,241,368,338,183,58,370313
2020-10-26,"55","State","WI",201049,2883,3879.71,1777892,9866,10582.71,1788,10,26.86,12749,14462.43,10416,109576,81057,102213,98486,350,6684,23156,44561,31090,27907,30110,20475,10493,4885,1688,798,988,2,0,0,12,18,49,114,274,447,535,339,2588,4349,15310,147506,13672,17624,27203,142159,31687,24,45,250,1396,34,39,173,1545,70,10558,86481,104010,90,183,617,751,936,1538,2064,2202,1547,488,4288,12399,23938,17391,15790,17115,11329,4954,1825,547,2306,10574,20006,12948,11181,11457,7082,3337,1513,653,1424,8,9,45,58,131,241,360,334,181,57,369609
2020-10-25,"55","State","WI",198166,3626,4007.43,1768026,10396,14652.43,1778,8,27.14,14022,18659.86,10332,108208,79626,100761,97066,339,6575,22860,44078,30624,27452,29646,20132,10332,4810,1657,793,983,2,0,0,11,18,49,114,273,446,532,335,2569,4292,15168,145225,13509,17403,26961,140067,31138,23,45,249,1388,34,39,171,1538,69,10488,85939,101739,88,183,610,747,932,1527,2044,2180,1535,486,4230,12243,23704,17177,15594,16891,11144,4877,1807,541,2257,10434,19764,12700,10926,11228,6944,3275,1468,630,1412,8,9,45,58,130,239,358,331,178,56,373998
2020-10-24,"55","State","WI",194540,4062,4050.57,1757630,13558,23865.86,1770,25,28,17620,27916.43,10237,106836,77467,98925,95283,332,6416,22509,43404,30011,26887,29082,19711,10142,4739,1639,789,979,2,0,0,11,18,49,112,273,445,528,334,2517,4207,14869,142670,13343,16934,26584,137672,30284,23,44,248,1383,34,38,171,1533,66,10405,85293,98842,86,181,607,741,923,1511,2026,2160,1519,483,4156,12090,23499,16962,15380,16680,10966,4788,1776,539,2174,10238,19298,12308,10584,10891,6719,3194,1444,617,1405,8,8,45,58,130,238,358,327,177,56,260679
2020-10-23,"55","State","WI",190478,4378,3470.29,1744072,13426,21929,1745,42,24.43,17804,25399.29,10038,104854,75586,96933,93230,315,6281,22150,42735,29388,26278,28348,19228,9889,4612,1569,780,963,2,0,0,11,18,49,110,274,437,516,330,2451,4123,14798,139463,13111,16532,26254,134814,29410,23,44,248,1357,34,39,170,1503,72,10287,84387,95804,84,176,598,738,912,1486,1986,2105,1486,467,4065,11890,23163,16669,15076,16312,10731,4693,1736,519,2132,10084,18974,11981,10290,10550,6511,3091,1390,583,1396,8,6,45,57,130,237,357,325,175,56,259807
2020-10-22,"55","State","WI",186100,3413,3396.43,1730646,12082,21543.14,1703,22,21.43,15495,24939.57,9855,102616,73629,94622,91170,308,6116,21697,42005,28711,25599,27634,18704,9635,4477,1522,761,941,1,0,0,11,18,48,109,269,427,502,319,2374,4024,14486,136143,12898,16175,25848,131600,28652,23,44,247,1320,32,37,168,1472,63,10163,83380,92557,85,176,597,729,899,1467,1941,2059,1448,454,3959,11676,22794,16331,14716,15926,10441,4583,1686,504,2072,9845,18614,11651,9984,10241,6322,2993,1343,564,1386,8,5,45,56,128,237,352,324,175,56,277783
2020-10-21,"55","State","WI",182687,4205,3444.14,1718564,5681,21453.57,1681,48,20.71,9886,24897.71,9704,100499,72484,92819,89565,303,6005,21349,41452,28177,25116,27033,18299,9413,4363,1480,751,929,1,0,0,11,18,48,108,269,425,495,307,2333,3964,14343,133364,12756,15927,25564,128922,28201,23,44,244,1300,33,37,168,1451,62,10023,82441,90223,82,174,594,724,894,1437,1916,2024,1415,444,3874,11443,22443,16004,14395,15547,10203,4465,1631,494,2049,9732,18415,11449,9827,10049,6180,2924,1317,542,1371,8,5,45,56,128,236,347,321,171,54,281408
2020-10-20,"55","State","WI",178482,4591,3287.29,1712883,9070,22275.57,1633,33,17.86,13661,25562.86,9537,98116,70829,90676,87515,291,5834,20965,40718,27514,24495,26338,17798,9144,4248,1428,725,907,1,0,0,10,17,48,107,263,418,478,292,2274,3877,14073,130144,12515,15599,25110,125790,27582,22,43,244,1261,30,33,164,1413,56,9877,81292,87313,82,173,587,716,882,1408,1885,1987,1385,432,3761,11174,22074,15622,14020,15162,9919,4307,1592,485,1991,9618,18057,11176,9593,9768,5994,2850,1271,511,1354,8,5,44,56,127,235,341,318,166,54,285648
2020-10-19,"55","State","WI",173891,3777,3099.86,1703813,38354,22588.71,1600,12,18,42131,25688.57,9319,95922,68650,88280,85330,281,5654,20560,39943,26768,23826,25617,17231,8814,4108,1370,714,885,1,0,0,10,17,47,105,258,408,470,285,2206,3798,13797,126637,12282,15171,24690,122516,26685,20,43,244,1233,27,33,163,1383,54,9740,80241,83910,81,173,576,709,870,1374,1842,1932,1349,413,3652,10955,21738,15249,13702,14798,9650,4157,1544,477,1921,9432,17629,10810,9254,9445,5739,2725,1215,480,1340,8,5,44,55,126,234,335,316,166,51,360951
2020-10-18,"55","State","WI",170114,3928,2839.71,1665459,74890,18226,1588,14,17.57,78818,21065.71,9154,94624,66336,86402,83440,272,5545,20214,39269,26152,23276,24945,16799,8558,4012,1344,711,876,1,0,0,10,17,46,104,257,405,467,282,2175,3711,13527,123809,12082,14810,24341,119975,25798,20,42,243,1224,27,32,163,1374,51,9672,79777,80665,81,170,563,698,859,1349,1815,1893,1323,403,3605,10835,21496,15032,13523,14540,9499,4091,1528,475,1859,9209,17210,10422,8894,9056,5485,2574,1161,466,1334,8,5,44,55,126,232,333,315,166,50,359059
2020-10-17,"55","State","WI",166186,0,2660.86,1590569,0,8609,1574,0,16.57,0,11269.86,9027,92680,64479,84418,81505,263,5378,19809,38621,25524,22676,24283,16331,8343,3898,1323,700,873,1,0,0,10,17,45,104,257,402,462,277,2083,3648,13431,120756,11892,14376,23909,117222,25055,20,42,243,1212,27,30,162,1364,48,9591,78863,77732,78,165,557,692,856,1323,1793,1867,1296,400,3505,10628,21206,14692,13226,14227,9268,3978,1488,462,1795,9016,16858,10140,8594,8733,5270,2498,1114,461,1325,8,5,44,55,126,229,332,313,163,50,345912
2020-10-16,"55","State","WI",166186,3861,3052.57,1590569,10725,10272.43,1574,21,19.14,14586,13325,9027,92680,64479,84418,81505,263,5378,19809,38621,25524,22676,24283,16331,8343,3898,1323,700,873,1,0,0,10,17,45,104,257,402,462,277,2083,3648,13431,120756,11892,14376,23909,117222,25055,20,42,243,1212,27,30,162,1364,48,9591,78863,77732,78,165,557,692,856,1323,1793,1867,1296,400,3505,10628,21206,14692,13226,14227,9268,3978,1488,462,1795,9016,16858,10140,8594,8733,5270,2498,1114,461,1325,8,5,44,55,126,229,332,313,163,50,345514
2020-10-15,"55","State","WI",162325,3747,2927.86,1579844,11455,10430.86,1553,17,18.43,15202,13358.71,8892,90658,62775,82485,79580,260,5253,19440,37950,24895,22120,23637,15883,8086,3783,1278,692,860,1,0,0,10,17,45,103,253,396,456,273,2008,3592,13250,117752,11693,14030,23583,114381,24361,19,42,243,1193,27,29,161,1347,45,9457,77926,74942,78,162,555,682,847,1308,1770,1832,1268,390,3435,10424,20857,14365,12938,13864,9020,3870,1443,442,1740,8854,16538,9848,8335,8465,5093,2384,1072,446,1308,8,5,44,55,124,225,331,307,159,50,349147
2020-10-14,"55","State","WI",158578,3107,2840,1568389,11435,10726.43,1536,28,17.29,14542,13566.43,8754,88800,61024,80643,77679,256,5102,19067,37317,24298,21583,22983,15427,7877,3673,1251,685,850,1,0,0,10,17,45,103,253,389,449,270,1931,3524,12993,114897,11500,13733,23227,111656,23695,18,42,243,1176,27,30,161,1327,48,9349,76975,72254,77,160,554,674,838,1288,1746,1793,1240,384,3363,10242,20526,14069,12687,13535,8765,3772,1406,435,1662,8665,16237,9555,8058,8160,4916,2312,1027,432,1304,8,5,46,54,124,223,330,304,160,50,334422
2020-10-13,"55","State","WI",155471,3279,2727.43,1556954,11262,10691.14,1508,34,15.57,14541,13418.57,8601,87170,59700,79003,76216,252,5002,18808,36783,23787,21154,22441,15033,7686,3559,1218,674,833,1,0,0,10,17,44,99,248,382,442,266,1883,3476,12769,112495,11351,13497,22923,109355,23193,17,42,242,1153,25,29,158,1301,49,9241,76168,70062,75,160,550,666,832,1264,1716,1757,1210,371,3298,10100,20253,13825,12441,13233,8558,3672,1365,425,1629,8548,15980,9296,7881,7944,4759,2257,984,422,1287,8,5,46,54,124,217,329,295,159,50,340973
2020-10-12,"55","State","WI",152192,1956,2547.57,1545692,7815,10445,1474,9,13.29,9771,12992.57,8454,85460,58278,77316,74629,247,4902,18501,36229,23265,20663,21880,14635,7470,3467,1180,654,819,1,0,0,10,17,42,98,244,371,431,261,1846,3419,12610,109913,11144,13260,22585,107029,22578,17,41,240,1123,25,28,156,1275,43,9129,75274,67789,74,156,545,654,825,1254,1687,1717,1179,363,3215,9917,20023,13537,12176,12929,8340,3587,1322,414,1613,8428,15661,9074,7662,7697,4608,2166,966,403,1277,8,5,46,54,123,217,326,292,156,50,326506
2020-10-11,"55","State","WI",150236,2676,2510.43,1537877,7571,10309.14,1465,7,12.57,10247,12819.57,8398,84514,57324,76309,73691,236,4832,18315,35889,22974,20372,21542,14395,7351,3408,1158,650,814,1,0,0,10,17,42,98,243,370,427,258,1827,3391,12534,108378,11033,13073,22401,105698,22137,17,41,240,1115,25,27,156,1267,42,9075,74796,66365,73,154,541,651,824,1248,1668,1707,1170,362,3175,9815,19873,13405,12024,12752,8223,3528,1311,408,1584,8346,15475,8918,7524,7542,4504,2116,927,388,1271,8,5,46,54,123,214,324,291,156,50,330510
2020-10-10,"55","State","WI",147560,2742,2394.57,1530306,11644,10506.14,1458,18,12.29,14386,12900.71,8319,83356,55885,74904,72430,226,4739,18056,35429,22529,19997,21080,14077,7190,3328,1135,648,809,1,0,0,10,17,42,98,243,367,425,256,1794,3350,12420,106275,10927,12794,22213,103842,21505,17,41,240,1109,25,26,156,1261,41,9017,74216,64327,73,154,536,645,822,1237,1656,1683,1154,359,3126,9700,19708,13217,11852,12533,8076,3459,1289,396,1540,8202,15185,8667,7323,7310,4345,2048,885,380,1270,8,5,46,54,123,214,324,290,156,50,318240
2020-10-09,"55","State","WI",144818,2988,2416,1518662,11834,10441.57,1440,16,12.43,14822,12857.57,8199,81728,54891,73504,71090,224,4644,17773,34931,22094,19602,20646,13753,7014,3254,1107,641,798,1,0,0,10,17,42,95,240,363,419,254,1744,3311,12304,104076,10787,12596,21977,101723,21118,17,41,239,1091,25,27,156,1243,41,8924,73419,62475,72,154,529,638,812,1219,1633,1652,1137,353,3067,9541,19405,12954,11577,12274,7901,3367,1253,389,1505,8078,14997,8502,7213,7153,4219,1995,864,365,1261,8,5,46,53,122,214,321,288,155,49,308851
2020-10-08,"55","State","WI",141830,3132,2381.29,1506828,13524,10301,1424,9,10.86,16656,12682.29,8061,80114,53655,72037,69572,221,4549,17519,34370,21602,19152,20175,13381,6820,3172,1090,635,788,1,0,0,10,17,41,94,236,362,416,248,1707,3241,12123,101778,10632,12349,21702,99568,20560,17,41,238,1073,26,29,155,1226,43,8845,72530,60455,72,152,525,630,800,1199,1600,1619,1117,347,3007,9393,19135,12709,11324,12009,7689,3265,1203,380,1470,7974,14710,8263,7028,6967,4092,1936,852,363,1253,8,5,46,53,121,212,316,288,155,49,308443
2020-10-07,"55","State","WI",138698,2319,2346.29,1493304,11188,10008.14,1415,16,12.57,13507,12354.43,7951,78510,52237,70443,68041,214,4454,17221,33815,21087,18639,19700,12984,6626,3106,1066,634,780,1,0,0,10,17,42,94,234,357,414,247,1654,3196,11999,99214,10466,12169,21448,97157,20093,17,41,237,1064,26,30,155,1215,45,8747,71692,58259,72,151,526,624,793,1181,1584,1585,1096,339,2949,9251,18861,12446,11067,11763,7440,3180,1180,373,1433,7819,14428,8017,6779,6756,3960,1861,830,354,1233,8,5,47,53,119,210,311,281,151,48,309637
2020-10-06,"55","State","WI",136379,2020,2346.29,1482116,9539,9763.14,1399,18,14.14,11559,12109.43,7810,77098,51471,69298,66867,214,4377,17014,33437,20737,18287,19289,12681,6480,3031,1046,630,768,1,0,0,10,17,42,92,231,353,411,243,1608,3173,11873,97359,10391,11975,21246,95437,19696,17,40,237,1051,26,28,155,1202,42,8634,70979,56766,72,147,522,621,780,1167,1558,1538,1074,331,2877,9131,18627,12233,10846,11508,7254,3105,1151,366,1428,7736,14288,7883,6661,6614,3869,1837,806,349,1225,8,6,46,53,118,208,310,278,150,48,311989
2020-10-05,"55","State","WI",134359,1696,2395.86,1472577,6864,9600,1381,4,14,8560,11995.86,7702,75869,50788,68262,65886,211,4317,16842,33080,20421,17972,18954,12423,6336,2984,1030,619,761,1,0,0,10,17,41,91,229,348,407,238,1574,3108,11774,95699,10290,11914,21073,93864,19422,17,39,237,1037,26,25,155,1190,36,8553,70241,55565,72,147,517,616,775,1146,1538,1510,1056,325,2840,8996,18378,12055,10678,11294,7105,3033,1136,354,1405,7699,14185,7750,6519,6514,3780,1793,792,351,1212,7,6,44,53,118,207,309,275,145,48,311194
2020-10-04,"55","State","WI",132663,1865,2400.14,1465713,8950,9499.29,1377,5,13.71,10815,11899.43,7646,75070,49947,67479,64974,210,4257,16693,32817,20158,17723,18657,12191,6223,2930,1014,617,759,1,0,0,10,17,41,91,229,347,404,238,1542,3085,11702,94308,10226,11800,20963,92592,19108,17,39,237,1034,26,24,155,1187,35,8513,69884,54266,72,147,515,613,774,1134,1529,1497,1043,322,2798,8895,18259,11946,10571,11147,6993,2993,1118,350,1387,7651,14043,7599,6378,6376,3669,1733,769,342,1205,7,6,44,53,118,205,309,272,143,48,307649
2020-10-03,"55","State","WI",130798,2892,2450.43,1456763,11192,9050.14,1372,19,13,14084,11500.57,7588,74107,49103,66557,64030,211,4186,16527,32490,19881,17448,18336,11953,6103,2874,1000,617,754,1,0,0,10,17,41,91,228,346,402,237,1498,3058,11624,92896,10127,11595,20834,91284,18680,17,39,237,1030,26,23,155,1184,33,8469,69437,52892,71,148,509,610,770,1131,1515,1485,1030,319,2761,8790,18105,11823,10415,10968,6870,2926,1101,348,1354,7589,13876,7448,6263,6237,3568,1692,743,333,1202,7,6,43,53,118,205,309,271,142,48,306174
2020-10-02,"55","State","WI",127906,2745,2439.71,1445571,10850,8846.57,1353,5,11.29,13595,11286.29,7506,72622,47778,65121,62581,204,4094,16242,31927,19426,17009,17840,11621,5955,2816,976,609,743,1,0,0,10,17,41,88,224,345,398,230,1442,2990,11518,90663,9970,11323,20582,89211,18113,17,39,236,1014,25,22,153,1173,27,8377,68645,50884,69,147,504,601,766,1125,1499,1468,1013,314,2692,8628,17842,11584,10194,10706,6698,2860,1078,340,1333,7467,13581,7241,6049,6009,3424,1627,725,322,1196,7,6,42,53,117,203,307,271,142,48,302100
2020-10-01,"55","State","WI",125161,2887,2405.29,1434721,11474,9093,1348,21,11.86,14361,11498.29,7409,71059,46693,63695,61264,202,4020,15929,31404,19043,16595,17370,11317,5774,2746,963,606,741,1,0,0,9,17,41,87,223,344,397,230,1416,2930,11426,88442,9832,11115,20349,87171,17641,17,38,236,1010,25,22,152,1169,27,8290,67756,49115,69,146,496,596,758,1112,1481,1446,995,310,2632,8421,17567,11370,9965,10444,6511,2762,1050,337,1319,7362,13341,7077,5872,5814,3325,1566,701,316,1187,7,6,42,52,117,201,306,266,142,48,303477
2020-09-30,"55","State","WI",122274,2319,2334.57,1423247,9473,9009.14,1327,27,9.71,11792,11343.71,7300,69417,45557,62179,59895,200,3922,15608,30865,18609,16163,16891,10966,5612,2692,946,597,729,1,0,0,9,17,39,86,220,340,387,229,1381,2867,11328,86175,9703,10820,20124,85036,17114,17,36,235,992,25,22,150,1149,28,8200,66952,47122,68,143,490,587,750,1101,1461,1419,975,306,2564,8235,17258,11112,9727,10157,6328,2676,1030,330,1290,7230,13117,6910,5686,5633,3177,1517,687,310,1179,7,6,42,52,117,200,305,262,140,48,293698
2020-09-29,"55","State","WI",119955,2367,2255,1413774,8397,9326,1300,17,7,10764,11581,7209,67882,44864,61089,58670,196,3839,15363,30452,18244,15823,16490,10707,5489,2625,923,585,714,1,0,0,9,17,38,86,214,335,377,224,1346,2833,11155,84296,9625,10700,19939,83202,16814,17,36,232,965,26,24,150,1120,30,8114,66152,45689,68,139,488,581,742,1087,1435,1403,962,304,2498,8055,16988,10872,9505,9888,6152,2601,999,324,1273,7169,12976,6791,5576,5515,3120,1485,664,295,1171,7,6,42,53,117,196,304,258,140,48,294823
2020-09-28,"55","State","WI",117588,1726,2155.71,1405377,6159,9678.57,1283,2,5.57,7885,11834.29,7142,66622,43824,59938,57457,193,3764,15109,29951,17852,15510,16099,10448,5366,2578,911,579,703,1,0,0,9,17,38,86,213,329,368,223,1299,2774,11043,82404,9494,10574,19684,81394,16510,16,36,232,952,26,21,150,1107,26,8035,65370,44183,68,138,485,580,737,1078,1421,1384,953,298,2447,7918,16723,10672,9351,9663,6005,2540,984,319,1249,7053,12743,6600,5422,5358,3022,1442,641,294,1162,7,6,42,53,117,195,302,255,137,48,292049
2020-09-27,"55","State","WI",115862,2217,2090.71,1399218,5806,9588,1281,0,5.57,8023,11678.71,7095,65758,43009,59041,56627,194,3711,14908,29597,17562,15286,15807,10270,5285,2542,894,578,702,1,0,0,9,17,38,86,212,329,367,223,1284,2732,10996,81035,9365,10450,19506,80102,16254,16,36,232,951,26,20,150,1106,25,7984,64898,42980,68,136,481,578,733,1073,1412,1375,943,296,2414,7822,16568,10518,9251,9503,5905,2497,971,309,1229,6950,12548,6466,5302,5231,2953,1413,628,289,1156,7,6,41,53,116,195,300,254,136,48,290710
2020-09-26,"55","State","WI",113645,2817,2011.86,1393412,9767,9709.29,1281,7,5.71,12584,11721.14,7041,64903,41701,57905,55553,187,3635,14653,29092,17217,14991,15480,10032,5172,2495,878,578,702,1,0,0,9,17,38,86,212,329,367,223,1257,2696,10925,79320,9246,10201,19309,78550,15786,16,36,232,951,26,20,150,1106,25,7921,64366,41358,67,134,478,573,730,1070,1402,1364,931,292,2381,7726,16400,10375,9137,9371,5791,2458,957,307,1187,6793,12214,6269,5124,5039,2839,1350,607,279,1153,7,6,41,52,115,195,300,253,136,48,194958
2020-09-25,"55","State","WI",110828,2504,1935.57,1383645,12575,9769.57,1274,9,5.14,15079,11705.14,6962,63269,40597,56424,54219,185,3547,14250,28476,16813,14597,15043,9755,5044,2443,860,575,698,1,0,0,9,17,38,85,210,329,366,220,1222,2636,10832,77029,9116,9993,19048,76445,15335,16,36,232,946,25,19,148,1102,24,7835,63617,39376,67,134,475,568,724,1060,1382,1345,920,287,2317,7496,16077,10144,8896,9094,5626,2388,932,299,1163,6620,11924,6101,4977,4889,2747,1311,591,274,1150,7,6,41,51,115,195,300,251,136,48,203077
2020-09-24,"55","State","WI",108324,2392,1939.71,1371070,10887,9478,1265,6,4.86,13279,11417.71,6897,61842,39585,55162,52978,184,3455,13923,27931,16451,14254,14636,9503,4925,2400,846,571,693,1,0,0,9,17,38,85,210,323,363,220,1179,2602,10743,75021,9022,9757,18854,74558,14912,16,35,231,939,25,19,147,1094,24,7766,62739,37819,65,136,475,564,721,1045,1370,1327,909,285,2258,7316,15795,9909,8682,8871,5472,2335,915,289,1132,6471,11661,5978,4851,4720,2661,1263,576,272,1006,5,6,39,47,102,172,251,223,121,40,289885
2020-09-23,"55","State","WI",105932,1762,1888.57,1360183,11691,9267.14,1259,8,4.43,13453,11155.71,6821,60596,38515,53961,51789,182,3361,13551,27377,16150,13955,14274,9261,4815,2346,842,569,689,1,0,0,9,17,37,85,209,322,360,220,1154,2554,10664,73043,8896,9621,18622,72697,14613,16,35,231,933,25,19,147,1088,24,7704,61944,36284,65,132,471,556,714,1033,1358,1314,895,283,2197,7148,15552,9743,8514,8663,5331,2271,893,284,1099,6271,11354,5851,4727,4578,2572,1230,558,275,998,5,6,38,47,102,170,250,222,118,40,273441
2020-09-22,"55","State","WI",104170,1672,1838,1348492,10865,9138.14,1251,7,4.43,12537,10976.14,6765,59520,37885,53051,50940,179,3290,13326,26979,15885,13723,14008,9072,4735,2312,840,568,682,1,0,0,9,16,38,84,205,321,359,219,1129,2530,10613,71579,8825,9494,18455,71360,14355,16,36,230,925,24,20,144,1080,27,7637,61283,35250,65,131,468,553,712,1027,1347,1294,885,283,2142,7012,15283,9580,8368,8517,5222,2232,880,284,1083,6183,11228,5752,4643,4464,2503,1209,547,273,991,5,6,38,47,102,168,249,219,117,40,177980
2020-09-21,"55","State","WI",102498,1271,1791.71,1337627,5525,9145.71,1244,2,4.86,6796,10937.43,6692,58537,37269,52203,50120,175,3236,13064,26575,15653,13538,13785,8919,4632,2273,823,565,678,1,0,0,9,16,37,84,204,321,353,220,1097,2508,10536,70245,8723,9389,18301,70028,14169,16,34,230,921,24,19,144,1076,24,7566,60698,34234,65,125,459,549,700,1021,1339,1282,875,277,2107,6853,15056,9444,8255,8375,5132,2168,864,283,1064,6086,11060,5660,4583,4389,2448,1182,534,263,1117,7,5,40,51,114,191,295,242,127,45,272926
2020-09-20,"55","State","WI",101227,1665,1720.29,1332102,6655,8806.29,1242,1,4.57,8320,10526.57,6653,57884,36690,51581,49476,170,3210,12864,26234,15464,13395,13633,8804,4571,2236,816,563,678,1,0,0,9,16,37,84,204,320,353,219,1088,2482,10498,69229,8633,9297,18185,69076,13966,16,34,230,919,24,19,144,1075,23,7533,60165,33529,63,123,456,546,698,1018,1332,1276,866,275,2095,6740,14903,9345,8183,8286,5066,2131,852,283,1052,6001,10875,5573,4514,4329,2406,1164,518,258,1115,7,5,39,51,114,191,295,241,127,45,272518
2020-09-19,"55","State","WI",99562,2283,1708.43,1325447,10189,8734.57,1241,3,4.57,12472,10443,6619,57214,35729,50718,48673,171,3164,12552,25744,15277,13214,13447,8660,4494,2201,809,562,678,1,0,0,9,16,37,84,204,320,353,218,1068,2458,10448,67966,8524,9098,18043,67876,13643,16,34,230,918,24,19,144,1074,23,7497,59800,32265,63,121,452,543,697,1016,1326,1268,860,273,2073,6626,14743,9255,8099,8197,5001,2096,842,282,1028,5805,10549,5479,4418,4234,2333,1130,499,254,1112,7,5,38,51,114,191,293,241,127,45,271391
2020-09-18,"55","State","WI",97279,2533,1575.57,1315258,10534,8746.29,1238,7,5.86,13067,10321.86,6569,56049,34661,49599,47514,166,3095,12091,25098,15013,12943,13160,8495,4414,2166,804,562,675,1,0,0,9,16,37,84,204,317,353,218,1034,2422,10391,66165,8383,8884,17886,66144,13249,16,34,230,915,24,19,144,1072,22,7421,59081,30777,61,120,452,539,694,1013,1312,1256,851,271,2022,6425,14443,9106,7949,8043,4892,2058,831,280,1012,5546,10203,5368,4300,4104,2291,1100,484,253,1110,7,5,38,51,114,191,293,240,126,45,270868
2020-09-17,"55","State","WI",94746,2034,1409.29,1304724,9411,8468,1231,3,5.43,11445,9877.29,6522,54949,33275,48375,46209,162,3018,11572,24364,14703,12670,12883,8292,4316,2133,795,560,670,1,0,0,9,15,36,84,204,314,351,218,1013,2369,10284,64185,8294,8601,17699,64275,12772,16,33,230,909,24,19,144,1065,22,7365,58211,29170,61,119,450,535,686,1011,1307,1240,846,267,1994,6237,14157,8954,7813,7892,4794,2018,811,279,963,5216,9757,5214,4171,3980,2191,1058,476,249,1105,7,5,38,50,114,191,291,238,126,45,265529
2020-09-16,"55","State","WI",92712,1408,1339.71,1295313,10788,8162.86,1228,8,6.43,12196,9502.57,6454,53959,32299,47337,45218,157,2970,11129,23790,14452,12476,12643,8145,4229,2094,784,559,669,0,0,0,9,15,36,84,204,314,350,216,983,2335,10226,62594,8126,8448,17508,62689,12515,15,33,230,907,24,19,143,1063,22,7252,57046,28414,61,118,441,525,684,1002,1292,1228,838,265,1965,6036,13903,8820,7688,7769,4724,1974,802,278,944,4975,9446,5107,4104,3872,2129,1027,454,241,1098,7,5,38,50,114,190,290,235,126,43,191064
2020-09-15,"55","State","WI",91304,1348,1261,1284525,10918,7766.57,1220,10,7.43,12266,9027.57,6406,53135,31763,46657,44491,156,2937,10854,23414,14296,12314,12439,8036,4173,2066,775,558,662,0,0,0,9,15,36,84,204,311,346,215,956,2309,10190,61446,8090,8313,17400,61598,12306,15,33,229,900,24,19,142,1056,22,7155,56115,28034,61,116,434,521,683,996,1282,1220,830,263,1945,5898,13680,8727,7572,7645,4653,1951,789,275,931,4840,9300,5048,4059,3798,2101,1002,447,237,1090,7,5,37,50,114,190,289,231,125,42,249267
2020-09-14,"55","State","WI",89956,771,1170.86,1273607,3149,6687.71,1210,0,6,3920,7858.57,6350,52228,31378,45996,43803,157,2914,10598,23038,14135,12153,12285,7927,4094,2039,773,551,659,0,0,0,9,15,35,84,199,309,344,215,939,2289,10149,60241,8086,8252,17285,60470,12201,14,32,229,892,24,19,141,1046,23,7061,55096,27799,60,116,431,516,682,985,1273,1209,819,259,1919,5740,13445,8618,7446,7529,4584,1897,775,275,935,4742,9162,5001,4025,3771,2070,988,445,239,1083,7,5,36,50,114,190,285,231,124,41,261591
2020-09-13,"55","State","WI",89185,1582,1141.71,1270458,6153,6937.71,1210,1,6,7735,8079.43,6332,51885,30968,45617,43413,155,2897,10363,22791,14062,12096,12227,7885,4077,2021,766,551,659,0,0,0,9,15,35,84,199,309,344,215,933,2277,10125,59717,7956,8177,17225,59933,12027,14,32,229,892,24,19,141,1046,23,7020,54644,27521,60,115,429,515,679,984,1269,1206,816,259,1910,5661,13328,8576,7420,7498,4559,1891,768,274,927,4587,9034,4971,3997,3745,2057,980,437,233,1080,7,5,36,50,113,190,285,231,123,40,250041
2020-09-12,"55","State","WI",87603,1353,1043.29,1264305,10271,6718.14,1209,12,5.86,11624,7761.43,6309,51197,30097,44813,42637,153,2864,10008,22255,13916,11964,12058,7771,4019,1991,757,551,658,0,0,0,9,15,35,84,199,309,343,215,916,2249,10095,58513,7842,7988,17134,58757,11712,14,32,229,891,24,19,141,1045,23,6956,53902,26745,60,112,429,514,677,982,1266,1202,810,257,1886,5570,13130,8483,7336,7407,4495,1859,759,272,918,4326,8696,4919,3951,3669,2010,958,422,228,1078,7,5,35,50,113,190,285,231,123,39,255695
2020-09-11,"55","State","WI",86250,1369,985.14,1254034,8586,6261.57,1197,4,6.29,9955,7246.71,6263,50341,29646,44076,42012,162,2840,9739,21820,13780,11810,11891,7672,3968,1974,756,546,651,0,0,0,9,15,35,83,197,306,338,214,894,2227,10066,57338,7842,7883,17019,57665,11566,14,32,228,877,25,21,140,1032,25,6863,52888,26499,59,111,422,513,672,979,1255,1190,804,258,1863,5406,12862,8392,7243,7289,4438,1829,748,271,918,4222,8536,4875,3895,3623,1979,949,422,227,1074,7,5,35,50,113,189,283,231,122,39,199122
2020-09-10,"55","State","WI",84881,1547,1003.57,1245448,7275,6492.71,1193,10,6.71,8822,7496.29,6222,49658,29001,43367,41350,164,2794,9398,21396,13666,11679,11742,7586,3919,1949,752,544,649,0,0,0,9,15,34,83,195,305,338,214,875,2196,10026,56295,7690,7799,16896,56585,11400,14,32,228,875,25,19,140,1029,24,6787,51913,26181,59,107,417,508,672,971,1252,1182,798,256,1829,5291,12671,8311,7168,7195,4379,1810,734,270,906,4000,8308,4847,3839,3576,1955,927,417,226,1068,7,5,35,50,112,186,283,231,120,39,250938
2020-09-09,"55","State","WI",83334,857,886.43,1238173,8014,6660.71,1183,15,5.86,8871,7547.14,6173,48928,28233,42572,40608,154,2757,8887,20946,13522,11576,11596,7500,3872,1931,747,541,642,0,0,0,8,15,34,83,192,303,335,213,862,2167,9997,55193,7456,7659,16774,55399,11161,14,31,228,865,24,21,137,1018,28,6716,51082,25536,59,104,414,507,668,963,1243,1173,786,256,1796,5168,12474,8215,7087,7104,4309,1781,729,265,902,3615,8058,4800,3821,3529,1948,918,416,226,1058,7,5,35,50,111,183,280,228,120,39,253176
2020-09-08,"55","State","WI",82477,717,841.86,1230159,3366,6634.57,1168,0,5.43,4083,7476.43,6118,48244,28115,42144,40177,156,2739,8752,20707,13394,11495,11472,7430,3821,1925,742,534,634,0,0,0,8,15,33,82,191,300,328,211,838,2162,9963,54479,7436,7599,16715,54682,11080,13,31,226,852,26,20,134,1007,27,6642,50318,25517,59,102,411,503,663,953,1232,1159,780,256,1781,5055,12290,8120,7022,6998,4246,1742,726,264,899,3595,8006,4771,3810,3521,1952,920,419,222,1052,7,5,35,49,110,182,280,226,119,39,193303
2020-09-07,"55","State","WI",81760,567,879.57,1226793,4899,7705.57,1168,0,6.57,5466,8585.14,6089,47919,27752,41777,39829,154,2728,8543,20521,13318,11442,11398,7370,3787,1913,740,534,634,0,0,0,8,15,33,82,191,300,328,211,833,2154,9942,53951,7326,7554,16651,54145,10964,13,31,226,852,26,20,134,1007,27,6599,49855,25306,59,102,409,500,663,947,1223,1154,776,256,1775,4994,12199,8072,6987,6963,4213,1728,724,264,894,3447,7913,4746,3792,3488,1934,905,413,220,1052,7,5,35,49,110,182,280,226,119,39,197642
2020-09-06,"55","State","WI",81193,893,836.57,1221894,4616,7513.14,1168,0,6.57,5509,8349.71,6070,47574,27549,41491,39549,153,2715,8437,20363,13252,11383,11329,7313,3762,1903,736,534,634,0,0,0,8,15,33,82,191,300,328,211,823,2141,9924,53498,7279,7528,16613,53685,10895,13,31,226,852,26,20,134,1007,27,6547,49467,25179,58,100,409,498,662,945,1220,1151,774,253,1759,4945,12111,8025,6939,6922,4178,1710,721,264,898,3392,7843,4729,3782,3462,1915,901,408,219,1050,7,5,35,49,110,182,278,226,119,39,247094
2020-09-05,"55","State","WI",80300,946,785.71,1217278,7075,7505.43,1168,15,7,8021,8291.14,6048,47157,27095,41020,39131,149,2689,8241,20115,13160,11288,11205,7248,3730,1890,734,534,634,0,0,0,8,15,33,82,191,300,328,211,815,2125,9906,52853,7185,7416,16548,53077,10675,13,31,226,852,26,20,134,1007,27,6489,48978,24833,58,98,405,498,661,943,1215,1147,771,252,1746,4889,12004,7975,6884,6847,4142,1693,714,263,885,3254,7706,4687,3743,3415,1891,890,405,219,1047,7,5,34,49,110,182,278,226,117,39,246394
2020-09-04,"55","State","WI",79354,1498,767.57,1210203,10204,7628,1153,7,5.71,11702,8395.57,5998,46534,26822,40529,38679,146,2670,8028,19843,13073,11191,11074,7181,3682,1881,731,530,623,0,0,0,8,14,33,82,187,296,324,209,808,2111,9873,52060,7121,7381,16456,52273,10625,13,31,224,842,26,17,134,997,22,6410,48275,24669,58,99,401,493,654,936,1208,1131,766,252,1730,4798,11820,7895,6819,6746,4091,1668,708,259,882,3131,7622,4685,3718,3392,1882,883,407,220,1043,7,5,34,49,110,182,278,224,115,39,241023
2020-09-03,"55","State","WI",77856,727,674,1199999,8451,7357.86,1146,4,5,9178,8031.86,5946,45743,26167,39809,37904,143,2625,7817,19447,12868,10996,10877,7043,3612,1849,722,525,621,0,0,0,8,13,33,82,187,293,322,208,788,2086,9816,50955,7002,7209,16296,51206,10354,13,31,224,834,27,17,132,990,24,6320,47413,24123,59,97,398,488,647,929,1197,1120,759,252,1697,4699,11628,7792,6710,6617,4016,1629,697,258,869,3021,7421,4588,3639,3331,1830,863,393,212,1036,7,5,34,47,110,181,277,222,114,39,242148
2020-09-02,"55","State","WI",77129,545,695.57,1191548,7831,7566.71,1142,12,6,8376,8262.29,5916,45334,25879,39447,37541,141,2602,7706,19296,12768,10895,10772,6976,3564,1832,718,522,620,0,0,0,8,13,33,81,187,293,320,207,780,2077,9782,50402,6961,7127,16236,50665,10228,13,31,224,830,27,17,132,987,23,6273,46950,23906,59,96,397,486,646,924,1187,1116,754,251,1682,4642,11547,7741,6650,6552,3971,1602,690,257,861,2968,7352,4541,3599,3296,1818,846,388,210,1030,7,5,34,47,110,180,276,220,113,38,243271
2020-09-01,"55","State","WI",76584,981,727.43,1183717,10863,7820.86,1130,8,5.14,11844,8548.29,5878,44957,25749,39165,37277,142,2591,7623,19174,12682,10809,10692,6932,3538,1827,716,517,613,0,0,0,8,12,33,80,184,291,317,205,775,2073,9754,49969,6931,7082,16184,50236,10164,13,31,224,819,27,16,132,975,23,6218,46484,23882,59,96,394,480,642,921,1180,1107,750,249,1671,4595,11459,7680,6592,6495,3939,1582,687,257,861,2932,7321,4522,3575,3276,1813,849,390,210,1026,6,5,34,47,110,180,275,219,112,38,231733
2020-08-31,"55","State","WI",75603,266,678.43,1172854,3552,7604.57,1122,0,5.86,3818,8283,5817,44266,25520,38710,36756,137,2561,7498,18919,12526,10698,10554,6840,3491,1804,712,514,608,0,0,0,8,12,33,81,182,287,314,205,757,2062,9705,49115,6862,7102,16032,49487,10084,13,31,222,814,26,16,133,967,22,6132,45772,23699,57,96,387,476,637,912,1171,1095,740,246,1649,4504,11286,7568,6510,6410,3860,1553,671,255,855,2898,7246,4482,3551,3232,1809,843,393,211,1020,6,5,34,48,110,179,272,218,110,38,233825
2020-08-30,"55","State","WI",75337,537,696.43,1169302,4562,7736.14,1122,3,5.86,5099,8432.57,5804,44129,25404,38582,36620,135,2557,7466,18855,12484,10658,10519,6812,3480,1797,709,514,608,0,0,0,8,12,33,81,182,287,314,205,749,2061,9679,48915,6858,7075,16001,49314,10022,13,31,222,814,26,16,133,967,22,6114,45591,23632,57,96,387,474,635,911,1169,1093,736,246,1645,4492,11248,7544,6486,6395,3849,1547,668,255,855,2878,7220,4466,3537,3213,1794,840,393,208,1020,6,5,34,48,110,179,272,218,110,38,235275
2020-08-29,"55","State","WI",74800,819,684.43,1164740,7933,7707.43,1119,6,5.43,8752,8391.86,5775,43859,25166,38309,36358,133,2544,7387,18728,12407,10595,10448,6743,3453,1789,706,513,606,0,0,0,8,12,33,80,181,286,314,205,745,2045,9673,48532,6805,7000,15957,48952,9891,13,31,222,812,25,16,131,966,22,6088,45257,23455,56,95,387,475,634,909,1159,1083,732,245,1640,4462,11183,7500,6458,6353,3811,1532,667,253,848,2830,7158,4432,3503,3186,1773,838,390,208,1017,6,5,34,48,110,178,270,218,110,38,234867
2020-08-28,"55","State","WI",73981,843,703.14,1156807,8313,7681.29,1113,2,6.43,9156,8384.43,5736,43363,24882,37885,35963,133,2525,7296,18529,12282,10465,10335,6656,3415,1774,704,511,602,0,0,0,8,12,33,79,179,286,311,205,735,2029,9652,47882,6749,6934,15875,48317,9789,13,31,222,807,24,16,129,962,22,6033,44705,23243,55,95,384,474,628,902,1151,1075,728,244,1627,4407,11065,7426,6379,6288,3748,1513,659,251,843,2794,7080,4382,3458,3145,1757,827,387,209,1010,6,5,34,48,110,178,266,217,108,38,238821
2020-08-27,"55","State","WI",73138,878,700.71,1148494,9913,7885.71,1111,11,6.29,10791,8586.43,5684,42853,24601,37435,35576,127,2494,7202,18306,12167,10358,10209,6577,3371,1760,694,511,600,0,0,0,8,12,33,79,178,286,310,205,725,2014,9605,47226,6704,6864,15777,47700,9661,13,31,222,805,24,16,129,959,23,5954,44175,23009,53,93,379,471,624,893,1138,1067,725,241,1607,4350,10943,7351,6308,6213,3694,1489,648,250,834,2759,6984,4345,3426,3103,1745,815,387,203,1004,6,5,33,48,110,177,266,214,107,38,239943
2020-08-26,"55","State","WI",72260,768,681,1138581,9610,7774,1100,6,5.71,10378,8455,5651,42299,24310,37002,35130,128,2470,7106,18061,12025,10263,10086,6492,3329,1737,691,507,593,0,0,0,8,12,33,79,177,284,305,202,714,1995,9564,46601,6617,6769,15653,47122,9485,13,31,221,796,23,16,128,951,21,5891,43599,22770,54,93,378,469,622,888,1128,1063,716,240,1594,4306,10796,7247,6232,6127,3639,1469,639,250,822,2707,6887,4309,3409,3071,1725,797,382,201,996,6,5,33,46,109,176,263,213,107,38,232946
2020-08-25,"55","State","WI",71492,638,666,1128971,9349,7653.43,1094,13,6,9987,8319.43,5610,41823,24059,36649,34717,126,2448,7049,17852,11910,10146,9979,6407,3286,1725,690,505,589,0,0,0,8,12,33,76,175,284,305,201,702,1982,9509,45988,6547,6764,15554,46547,9391,13,30,219,793,23,16,127,946,21,5841,43085,22566,54,93,378,467,618,877,1124,1052,708,239,1582,4257,10678,7161,6162,6063,3590,1450,631,249,812,2699,6796,4282,3366,3039,1693,784,386,202,996,6,5,34,46,109,176,263,213,106,38,133077
2020-08-24,"55","State","WI",70854,392,665.43,1119622,4473,7654.57,1081,0,6,4865,8320,5573,41344,23937,36350,34377,127,2416,6987,17705,11818,10070,9874,6342,3242,1712,688,502,579,0,0,0,8,12,33,76,172,282,299,199,695,1970,9472,45493,6516,6708,15457,46057,9340,13,30,219,782,21,16,125,936,20,5784,42586,22484,53,92,374,463,617,871,1117,1044,704,238,1556,4209,10582,7084,6101,5991,3536,1420,620,245,807,2686,6749,4271,3352,3012,1689,778,388,205,991,5,5,34,45,109,176,262,211,106,38,146531
2020-08-23,"55","State","WI",70462,453,674.43,1115149,4361,7802.29,1081,0,6,4814,8476.71,5558,41118,23786,36138,34199,125,2404,6942,17611,11760,10020,9807,6295,3233,1703,687,502,579,0,0,0,8,12,33,76,172,282,299,199,693,1964,9451,45185,6482,6687,15402,45788,9272,13,30,219,782,21,16,125,936,20,5756,42338,22368,51,91,371,462,618,869,1114,1043,701,238,1550,4185,10529,7050,6073,5953,3504,1415,614,245,803,2666,6711,4248,3329,2985,1677,775,388,204,990,5,5,33,45,109,176,262,211,106,38,144397
2020-08-22,"55","State","WI",70009,950,707.57,1110788,7750,7952.71,1081,13,6.14,8700,8660.29,5545,40883,23581,35928,33957,124,2390,6895,17487,11675,9958,9744,6263,3216,1697,684,502,579,0,0,0,8,12,33,76,172,282,299,199,690,1960,9399,44865,6451,6644,15353,45486,9170,13,30,219,782,21,16,125,936,20,5728,42095,22186,51,90,371,462,617,867,1112,1038,700,237,1540,4164,10468,7010,6033,5922,3484,1406,611,245,799,2641,6648,4203,3308,2955,1667,772,386,202,986,5,5,33,45,108,175,260,211,106,38,228221
2020-08-21,"55","State","WI",69059,826,690.29,1103038,9744,8346.43,1068,1,6.14,10570,9036.71,5505,40377,23177,35491,33444,124,2355,6819,17222,11509,9819,9625,6179,3173,1678,680,496,572,0,0,0,8,12,33,75,169,280,293,198,680,1944,9274,44207,6392,6562,15220,44875,8964,13,30,217,771,20,17,123,923,22,5650,41558,21851,50,90,368,461,612,863,1104,1030,691,236,1519,4118,10353,6930,5968,5831,3432,1381,602,243,786,2611,6501,4118,3239,2931,1643,762,385,201,982,5,5,33,45,108,175,258,210,105,38,229074
2020-08-20,"55","State","WI",68233,740,718.14,1093294,9131,8299.86,1067,7,7,9871,9018,5469,39840,22924,35084,33026,123,2333,6734,17010,11388,9705,9480,6115,3127,1664,677,495,572,0,0,0,8,12,33,75,169,279,293,198,679,1932,9228,43550,6312,6532,15108,44289,8836,13,30,217,770,20,17,123,922,22,5599,40973,21661,50,90,369,459,610,853,1093,1023,687,235,1508,4054,10212,6854,5904,5733,3390,1351,596,238,775,2590,6429,4075,3191,2894,1632,753,381,204,978,5,5,33,45,108,173,257,209,105,38,147238
2020-08-19,"55","State","WI",67493,663,747.14,1084163,8766,8634.29,1060,8,7,9429,9381.43,5430,39453,22610,34740,32633,120,2300,6663,16838,11261,9606,9379,6042,3086,1648,670,492,568,0,0,0,8,12,32,75,168,278,289,198,663,1914,9167,43055,6253,6441,14989,43798,8706,12,30,216,765,20,17,123,915,22,5551,40536,21406,49,90,368,457,607,847,1086,1013,678,235,1484,4021,10132,6788,5851,5678,3339,1334,592,234,767,2552,6338,4016,3148,2854,1617,739,378,201,975,4,5,33,45,108,173,256,208,105,38,225096
2020-08-18,"55","State","WI",66830,634,720.71,1075397,9357,8731.43,1052,13,6.57,9991,9452.14,5380,39011,22439,34424,32287,119,2290,6600,16682,11163,9521,9256,5974,3055,1624,665,488,564,0,0,0,8,12,32,73,168,277,284,198,656,1893,9134,42539,6220,6388,14917,43313,8600,11,30,214,760,20,17,122,908,22,5499,40056,21275,48,90,367,454,605,833,1073,1006,669,235,1479,3968,10025,6714,5794,5599,3294,1320,584,234,763,2542,6290,3995,3122,2824,1607,729,371,196,964,4,5,33,45,107,170,254,205,103,38,149349
2020-08-17,"55","State","WI",66196,455,733.57,1066040,5507,9234,1039,0,5.86,5962,9967.57,5327,38507,22362,34113,31969,114,2264,6536,16545,11062,9431,9145,5916,3027,1612,658,483,556,0,0,0,8,10,32,72,168,274,279,196,648,1888,9081,42070,6168,6341,14810,42844,8542,11,30,212,750,19,17,121,897,21,5442,39505,21249,48,89,360,448,603,823,1065,994,663,234,1450,3914,9918,6651,5716,5512,3235,1302,581,228,766,2533,6267,3963,3112,2810,1616,731,368,196,961,4,5,33,45,107,169,253,204,103,38,151384
2020-08-16,"55","State","WI",65741,685,741,1060533,5414,9541.57,1039,1,5.86,6099,10282.57,5304,38267,22170,33862,31766,113,2230,6489,16454,10991,9359,9076,5875,3006,1603,658,483,556,0,0,0,8,10,32,72,168,274,279,196,644,1877,9035,41766,6126,6293,14756,42533,8452,11,30,212,750,19,17,121,897,21,5409,39254,21078,48,89,359,442,599,820,1062,989,663,233,1433,3892,9855,6616,5676,5481,3215,1296,575,228,749,2508,6240,3933,3084,2775,1598,721,365,197,957,4,5,32,45,107,168,252,203,103,38,150704
2020-08-15,"55","State","WI",65056,829,731.86,1055119,10506,9739.14,1038,13,6,11335,10471,5275,37954,21827,33525,31418,113,2214,6412,16290,10876,9252,8981,5812,2976,1588,655,482,556,0,0,0,8,10,32,72,167,274,279,196,636,1855,8987,41261,6102,6215,14681,42066,8309,11,30,212,749,19,17,121,896,21,5366,38945,20745,48,89,356,439,598,814,1056,988,656,231,1420,3864,9786,6557,5627,5430,3187,1283,572,228,746,2459,6148,3880,3027,2737,1569,705,360,196,954,4,5,32,45,106,166,252,203,103,38,223712
2020-08-14,"55","State","WI",64227,1021,779.86,1044613,9418,9952.14,1025,7,5,10439,10732,5235,37474,21518,33129,30984,114,2188,6314,16095,10756,9143,8856,5727,2931,1572,645,477,548,0,0,0,8,10,32,71,167,269,276,192,631,1849,8941,40638,6034,6134,14573,41502,8152,11,30,212,736,19,17,121,884,20,5313,38375,20539,48,88,354,433,593,811,1050,979,650,229,1408,3808,9667,6478,5554,5359,3145,1267,564,224,732,2418,6074,3845,2996,2686,1532,685,358,192,951,4,4,32,45,106,166,252,202,103,37,137481
